<annotation>
	<folder>images_bb8</folder>
	<filename>BB-8_94.jpg</filename>
	<path>D:\Python_projects\Detection\images_bb8\BB-8_94.jpg</path>
	<source>
		<database>Unknown</database>
	</source>
	<size>
		<width>976</width>
		<height>549</height>
		<depth>3</depth>
	</size>
	<segmented>0</segmented>
	<object>
		<name>bb8</name>
		<pose>Unspecified</pose>
		<truncated>1</truncated>
		<difficult>0</difficult>
		<bndbox>
			<xmin>619</xmin>
			<ymin>201</ymin>
			<xmax>894</xmax>
			<ymax>549</ymax>
		</bndbox>
	</object>
</annotation>
