<annotation>
	<folder>images_bb8</folder>
	<filename>BB-8_14.jpg</filename>
	<path>D:\Python_projects\Detection\images_bb8\BB-8_14.jpg</path>
	<source>
		<database>Unknown</database>
	</source>
	<size>
		<width>640</width>
		<height>807</height>
		<depth>3</depth>
	</size>
	<segmented>0</segmented>
	<object>
		<name>bb8</name>
		<pose>Unspecified</pose>
		<truncated>0</truncated>
		<difficult>0</difficult>
		<bndbox>
			<xmin>6</xmin>
			<ymin>461</ymin>
			<xmax>231</xmax>
			<ymax>774</ymax>
		</bndbox>
	</object>
</annotation>
