<annotation>
	<folder>images_bb8</folder>
	<filename>BB-8_60.jpg</filename>
	<path>D:\Python_projects\Detection\images_bb8\BB-8_60.jpg</path>
	<source>
		<database>Unknown</database>
	</source>
	<size>
		<width>1110</width>
		<height>625</height>
		<depth>3</depth>
	</size>
	<segmented>0</segmented>
	<object>
		<name>bb8</name>
		<pose>Unspecified</pose>
		<truncated>0</truncated>
		<difficult>0</difficult>
		<bndbox>
			<xmin>324</xmin>
			<ymin>212</ymin>
			<xmax>604</xmax>
			<ymax>588</ymax>
		</bndbox>
	</object>
</annotation>
