<annotation>
	<folder>images</folder>
	<filename>BB-8_101.jpg</filename>
	<path>D:\Python_projects\Detection\images\BB-8_101.jpg</path>
	<source>
		<database>Unknown</database>
	</source>
	<size>
		<width>376</width>
		<height>357</height>
		<depth>3</depth>
	</size>
	<segmented>0</segmented>
	<object>
		<name>bb8</name>
		<pose>Unspecified</pose>
		<truncated>1</truncated>
		<difficult>0</difficult>
		<bndbox>
			<xmin>10</xmin>
			<ymin>45</ymin>
			<xmax>369</xmax>
			<ymax>357</ymax>
		</bndbox>
	</object>
</annotation>
