<annotation>
	<folder>images_bb8</folder>
	<filename>BB-8_7.jpg</filename>
	<path>D:\Python_projects\Detection\images_bb8\BB-8_7.jpg</path>
	<source>
		<database>Unknown</database>
	</source>
	<size>
		<width>1100</width>
		<height>619</height>
		<depth>3</depth>
	</size>
	<segmented>0</segmented>
	<object>
		<name>bb8</name>
		<pose>Unspecified</pose>
		<truncated>1</truncated>
		<difficult>0</difficult>
		<bndbox>
			<xmin>632</xmin>
			<ymin>219</ymin>
			<xmax>1100</xmax>
			<ymax>572</ymax>
		</bndbox>
	</object>
</annotation>
