<annotation>
	<folder>images</folder>
	<filename>BB-8_100.jpg</filename>
	<path>D:\Python_projects\Detection\images\BB-8_100.jpg</path>
	<source>
		<database>Unknown</database>
	</source>
	<size>
		<width>644</width>
		<height>320</height>
		<depth>3</depth>
	</size>
	<segmented>0</segmented>
	<object>
		<name>bb8</name>
		<pose>Unspecified</pose>
		<truncated>1</truncated>
		<difficult>0</difficult>
		<bndbox>
			<xmin>410</xmin>
			<ymin>140</ymin>
			<xmax>644</xmax>
			<ymax>319</ymax>
		</bndbox>
	</object>
</annotation>
