<annotation>
	<folder>images_bb8</folder>
	<filename>BB-8_54.jpg</filename>
	<path>D:\Python_projects\Detection\images_bb8\BB-8_54.jpg</path>
	<source>
		<database>Unknown</database>
	</source>
	<size>
		<width>640</width>
		<height>300</height>
		<depth>3</depth>
	</size>
	<segmented>0</segmented>
	<object>
		<name>bb8</name>
		<pose>Unspecified</pose>
		<truncated>1</truncated>
		<difficult>0</difficult>
		<bndbox>
			<xmin>34</xmin>
			<ymin>24</ymin>
			<xmax>414</xmax>
			<ymax>300</ymax>
		</bndbox>
	</object>
</annotation>
