<annotation>
	<folder>images_bb8</folder>
	<filename>BB-8_34.jpg</filename>
	<path>D:\Python_projects\Detection\images_bb8\BB-8_34.jpg</path>
	<source>
		<database>Unknown</database>
	</source>
	<size>
		<width>625</width>
		<height>389</height>
		<depth>3</depth>
	</size>
	<segmented>0</segmented>
	<object>
		<name>bb8</name>
		<pose>Unspecified</pose>
		<truncated>0</truncated>
		<difficult>0</difficult>
		<bndbox>
			<xmin>144</xmin>
			<ymin>24</ymin>
			<xmax>509</xmax>
			<ymax>388</ymax>
		</bndbox>
	</object>
</annotation>
