<annotation>
	<folder>images_bb8</folder>
	<filename>BB-8_24.jpg</filename>
	<path>D:\Python_projects\Detection\images_bb8\BB-8_24.jpg</path>
	<source>
		<database>Unknown</database>
	</source>
	<size>
		<width>462</width>
		<height>821</height>
		<depth>3</depth>
	</size>
	<segmented>0</segmented>
	<object>
		<name>bb8</name>
		<pose>Unspecified</pose>
		<truncated>0</truncated>
		<difficult>0</difficult>
		<bndbox>
			<xmin>26</xmin>
			<ymin>127</ymin>
			<xmax>394</xmax>
			<ymax>631</ymax>
		</bndbox>
	</object>
</annotation>
