<annotation>
	<folder>images_bb8</folder>
	<filename>BB-8_58.jpg</filename>
	<path>D:\Python_projects\Detection\images_bb8\BB-8_58.jpg</path>
	<source>
		<database>Unknown</database>
	</source>
	<size>
		<width>1920</width>
		<height>1080</height>
		<depth>3</depth>
	</size>
	<segmented>0</segmented>
	<object>
		<name>bb8</name>
		<pose>Unspecified</pose>
		<truncated>1</truncated>
		<difficult>0</difficult>
		<bndbox>
			<xmin>315</xmin>
			<ymin>10</ymin>
			<xmax>1735</xmax>
			<ymax>1080</ymax>
		</bndbox>
	</object>
</annotation>
