<annotation>
	<folder>images_bb8</folder>
	<filename>BB-8_10.jpg</filename>
	<path>D:\Python_projects\Detection\images_bb8\BB-8_10.jpg</path>
	<source>
		<database>Unknown</database>
	</source>
	<size>
		<width>1024</width>
		<height>683</height>
		<depth>3</depth>
	</size>
	<segmented>0</segmented>
	<object>
		<name>bb8</name>
		<pose>Unspecified</pose>
		<truncated>0</truncated>
		<difficult>0</difficult>
		<bndbox>
			<xmin>354</xmin>
			<ymin>168</ymin>
			<xmax>696</xmax>
			<ymax>622</ymax>
		</bndbox>
	</object>
</annotation>
