<annotation>
	<folder>images_bb8</folder>
	<filename>BB-8_27.jpg</filename>
	<path>D:\Python_projects\Detection\images_bb8\BB-8_27.jpg</path>
	<source>
		<database>Unknown</database>
	</source>
	<size>
		<width>700</width>
		<height>525</height>
		<depth>3</depth>
	</size>
	<segmented>0</segmented>
	<object>
		<name>bb8</name>
		<pose>Unspecified</pose>
		<truncated>1</truncated>
		<difficult>0</difficult>
		<bndbox>
			<xmin>20</xmin>
			<ymin>73</ymin>
			<xmax>680</xmax>
			<ymax>525</ymax>
		</bndbox>
	</object>
</annotation>
