<annotation>
	<folder>images</folder>
	<filename>BB-8_99.jpg</filename>
	<path>D:\Python_projects\Detection\images\BB-8_99.jpg</path>
	<source>
		<database>Unknown</database>
	</source>
	<size>
		<width>843</width>
		<height>471</height>
		<depth>3</depth>
	</size>
	<segmented>0</segmented>
	<object>
		<name>bb8</name>
		<pose>Unspecified</pose>
		<truncated>1</truncated>
		<difficult>0</difficult>
		<bndbox>
			<xmin>671</xmin>
			<ymin>88</ymin>
			<xmax>843</xmax>
			<ymax>325</ymax>
		</bndbox>
	</object>
</annotation>
