<annotation>
	<folder>images</folder>
	<filename>BB-8_98.jpg</filename>
	<path>D:\Python_projects\Detection\images\BB-8_98.jpg</path>
	<source>
		<database>Unknown</database>
	</source>
	<size>
		<width>648</width>
		<height>365</height>
		<depth>3</depth>
	</size>
	<segmented>0</segmented>
	<object>
		<name>bb8</name>
		<pose>Unspecified</pose>
		<truncated>0</truncated>
		<difficult>0</difficult>
		<bndbox>
			<xmin>314</xmin>
			<ymin>75</ymin>
			<xmax>526</xmax>
			<ymax>338</ymax>
		</bndbox>
	</object>
</annotation>
