<annotation>
	<folder>images_bb8</folder>
	<filename>BB-8_66.jpg</filename>
	<path>D:\Python_projects\Detection\images_bb8\BB-8_66.jpg</path>
	<source>
		<database>Unknown</database>
	</source>
	<size>
		<width>680</width>
		<height>478</height>
		<depth>3</depth>
	</size>
	<segmented>0</segmented>
	<object>
		<name>bb8</name>
		<pose>Unspecified</pose>
		<truncated>1</truncated>
		<difficult>0</difficult>
		<bndbox>
			<xmin>301</xmin>
			<ymin>211</ymin>
			<xmax>539</xmax>
			<ymax>478</ymax>
		</bndbox>
	</object>
</annotation>
