<annotation>
	<folder>images_bb8</folder>
	<filename>BB-8_13.jpg</filename>
	<path>D:\Python_projects\Detection\images_bb8\BB-8_13.jpg</path>
	<source>
		<database>Unknown</database>
	</source>
	<size>
		<width>556</width>
		<height>844</height>
		<depth>3</depth>
	</size>
	<segmented>0</segmented>
	<object>
		<name>bb8</name>
		<pose>Unspecified</pose>
		<truncated>0</truncated>
		<difficult>0</difficult>
		<bndbox>
			<xmin>22</xmin>
			<ymin>221</ymin>
			<xmax>298</xmax>
			<ymax>567</ymax>
		</bndbox>
	</object>
</annotation>
