<annotation>
	<folder>images_bb8</folder>
	<filename>BB-8_49.jpg</filename>
	<path>D:\Python_projects\Detection\images_bb8\BB-8_49.jpg</path>
	<source>
		<database>Unknown</database>
	</source>
	<size>
		<width>480</width>
		<height>360</height>
		<depth>3</depth>
	</size>
	<segmented>0</segmented>
	<object>
		<name>bb8</name>
		<pose>Unspecified</pose>
		<truncated>0</truncated>
		<difficult>0</difficult>
		<bndbox>
			<xmin>156</xmin>
			<ymin>90</ymin>
			<xmax>337</xmax>
			<ymax>308</ymax>
		</bndbox>
	</object>
</annotation>
