<annotation>
	<folder>images</folder>
	<filename>BB-8_52.jpg</filename>
	<path>D:/Python_projects/Detection/images/BB-8_52.jpg</path>
	<source>
		<database>Unknown</database>
	</source>
	<size>
		<width>800</width>
		<height>533</height>
		<depth>3</depth>
	</size>
	<segmented>0</segmented>
	<object>
		<name>bb8</name>
		<pose>Unspecified</pose>
		<truncated>1</truncated>
		<difficult>0</difficult>
		<bndbox>
			<xmin>79</xmin>
			<ymin>35</ymin>
			<xmax>660</xmax>
			<ymax>533</ymax>
		</bndbox>
	</object>
</annotation>
