<annotation>
	<folder>images</folder>
	<filename>BB-8_84.jpg</filename>
	<path>D:/Python_projects/Detection/images/BB-8_84.jpg</path>
	<source>
		<database>Unknown</database>
	</source>
	<size>
		<width>800</width>
		<height>500</height>
		<depth>3</depth>
	</size>
	<segmented>0</segmented>
	<object>
		<name>bb8</name>
		<pose>Unspecified</pose>
		<truncated>0</truncated>
		<difficult>0</difficult>
		<bndbox>
			<xmin>80</xmin>
			<ymin>182</ymin>
			<xmax>316</xmax>
			<ymax>478</ymax>
		</bndbox>
	</object>
</annotation>
