<annotation>
	<folder>images_bb8</folder>
	<filename>BB-8_30.jpg</filename>
	<path>D:\Python_projects\Detection\images_bb8\BB-8_30.jpg</path>
	<source>
		<database>Unknown</database>
	</source>
	<size>
		<width>900</width>
		<height>600</height>
		<depth>3</depth>
	</size>
	<segmented>0</segmented>
	<object>
		<name>bb8</name>
		<pose>Unspecified</pose>
		<truncated>0</truncated>
		<difficult>0</difficult>
		<bndbox>
			<xmin>461</xmin>
			<ymin>105</ymin>
			<xmax>591</xmax>
			<ymax>576</ymax>
		</bndbox>
	</object>
</annotation>
