<annotation>
	<folder>images</folder>
	<filename>R2-D2_53.jpg</filename>
	<path>D:\Python_projects\Detection\images\R2-D2_53.jpg</path>
	<source>
		<database>Unknown</database>
	</source>
	<size>
		<width>408</width>
		<height>268</height>
		<depth>3</depth>
	</size>
	<segmented>0</segmented>
	<object>
		<name>r2d2</name>
		<pose>Unspecified</pose>
		<truncated>1</truncated>
		<difficult>0</difficult>
		<bndbox>
			<xmin>205</xmin>
			<ymin>85</ymin>
			<xmax>369</xmax>
			<ymax>268</ymax>
		</bndbox>
	</object>
</annotation>
