<annotation>
	<folder>images</folder>
	<filename>R2-D2_26.jpg</filename>
	<path>D:\Python_projects\Detection\images\R2-D2_26.jpg</path>
	<source>
		<database>Unknown</database>
	</source>
	<size>
		<width>640</width>
		<height>446</height>
		<depth>3</depth>
	</size>
	<segmented>0</segmented>
	<object>
		<name>r2d2</name>
		<pose>Unspecified</pose>
		<truncated>0</truncated>
		<difficult>0</difficult>
		<bndbox>
			<xmin>421</xmin>
			<ymin>192</ymin>
			<xmax>562</xmax>
			<ymax>422</ymax>
		</bndbox>
	</object>
</annotation>
