<annotation>
	<folder>images</folder>
	<filename>R2-D2_96.jpg</filename>
	<path>D:\Python_projects\Detection\images\R2-D2_96.jpg</path>
	<source>
		<database>Unknown</database>
	</source>
	<size>
		<width>500</width>
		<height>700</height>
		<depth>3</depth>
	</size>
	<segmented>0</segmented>
	<object>
		<name>r2d2</name>
		<pose>Unspecified</pose>
		<truncated>0</truncated>
		<difficult>0</difficult>
		<bndbox>
			<xmin>316</xmin>
			<ymin>388</ymin>
			<xmax>492</xmax>
			<ymax>636</ymax>
		</bndbox>
	</object>
</annotation>
