<annotation>
	<folder>images</folder>
	<filename>R2-D2_58.jpg</filename>
	<path>D:/Python_projects/Detection/images/R2-D2_58.jpg</path>
	<source>
		<database>Unknown</database>
	</source>
	<size>
		<width>800</width>
		<height>500</height>
		<depth>3</depth>
	</size>
	<segmented>0</segmented>
	<object>
		<name>r2d2</name>
		<pose>Unspecified</pose>
		<truncated>0</truncated>
		<difficult>0</difficult>
		<bndbox>
			<xmin>267</xmin>
			<ymin>43</ymin>
			<xmax>655</xmax>
			<ymax>499</ymax>
		</bndbox>
	</object>
</annotation>
