<annotation>
	<folder>images</folder>
	<filename>R2-D2_13.jpg</filename>
	<path>D:\Python_projects\Detection\images\R2-D2_13.jpg</path>
	<source>
		<database>Unknown</database>
	</source>
	<size>
		<width>610</width>
		<height>464</height>
		<depth>3</depth>
	</size>
	<segmented>0</segmented>
	<object>
		<name>r2d2</name>
		<pose>Unspecified</pose>
		<truncated>0</truncated>
		<difficult>0</difficult>
		<bndbox>
			<xmin>111</xmin>
			<ymin>65</ymin>
			<xmax>343</xmax>
			<ymax>403</ymax>
		</bndbox>
	</object>
</annotation>
