<annotation>
	<folder>images</folder>
	<filename>R2-D2_6.jpg</filename>
	<path>D:\Python_projects\Detection\images\R2-D2_6.jpg</path>
	<source>
		<database>Unknown</database>
	</source>
	<size>
		<width>634</width>
		<height>437</height>
		<depth>3</depth>
	</size>
	<segmented>0</segmented>
	<object>
		<name>r2d2</name>
		<pose>Unspecified</pose>
		<truncated>0</truncated>
		<difficult>0</difficult>
		<bndbox>
			<xmin>60</xmin>
			<ymin>111</ymin>
			<xmax>289</xmax>
			<ymax>436</ymax>
		</bndbox>
	</object>
</annotation>
