<annotation>
	<folder>images</folder>
	<filename>R2-D2_15.jpg</filename>
	<path>D:\Python_projects\Detection\images\R2-D2_15.jpg</path>
	<source>
		<database>Unknown</database>
	</source>
	<size>
		<width>600</width>
		<height>350</height>
		<depth>3</depth>
	</size>
	<segmented>0</segmented>
	<object>
		<name>r2d2</name>
		<pose>Unspecified</pose>
		<truncated>0</truncated>
		<difficult>0</difficult>
		<bndbox>
			<xmin>225</xmin>
			<ymin>33</ymin>
			<xmax>423</xmax>
			<ymax>310</ymax>
		</bndbox>
	</object>
</annotation>
