<annotation>
	<folder>images</folder>
	<filename>R2-D2_69.jpg</filename>
	<path>D:\Python_projects\Detection\images\R2-D2_69.jpg</path>
	<source>
		<database>Unknown</database>
	</source>
	<size>
		<width>609</width>
		<height>481</height>
		<depth>3</depth>
	</size>
	<segmented>0</segmented>
	<object>
		<name>r2d2</name>
		<pose>Unspecified</pose>
		<truncated>0</truncated>
		<difficult>0</difficult>
		<bndbox>
			<xmin>250</xmin>
			<ymin>58</ymin>
			<xmax>458</xmax>
			<ymax>339</ymax>
		</bndbox>
	</object>
</annotation>
