<annotation>
	<folder>images</folder>
	<filename>R2-D2_27.jpg</filename>
	<path>D:\Python_projects\Detection\images\R2-D2_27.jpg</path>
	<source>
		<database>Unknown</database>
	</source>
	<size>
		<width>853</width>
		<height>480</height>
		<depth>3</depth>
	</size>
	<segmented>0</segmented>
	<object>
		<name>r2d2</name>
		<pose>Unspecified</pose>
		<truncated>0</truncated>
		<difficult>0</difficult>
		<bndbox>
			<xmin>45</xmin>
			<ymin>172</ymin>
			<xmax>157</xmax>
			<ymax>392</ymax>
		</bndbox>
	</object>
</annotation>
