<annotation>
	<folder>images</folder>
	<filename>R2-D2_45.jpg</filename>
	<path>D:\Python_projects\Detection\images\R2-D2_45.jpg</path>
	<source>
		<database>Unknown</database>
	</source>
	<size>
		<width>1920</width>
		<height>1080</height>
		<depth>3</depth>
	</size>
	<segmented>0</segmented>
	<object>
		<name>r2d2</name>
		<pose>Unspecified</pose>
		<truncated>1</truncated>
		<difficult>0</difficult>
		<bndbox>
			<xmin>261</xmin>
			<ymin>150</ymin>
			<xmax>1191</xmax>
			<ymax>1080</ymax>
		</bndbox>
	</object>
</annotation>
