<annotation>
	<folder>images</folder>
	<filename>R2-D2_30.jpg</filename>
	<path>D:\Python_projects\Detection\images\R2-D2_30.jpg</path>
	<source>
		<database>Unknown</database>
	</source>
	<size>
		<width>480</width>
		<height>270</height>
		<depth>3</depth>
	</size>
	<segmented>0</segmented>
	<object>
		<name>r2d2</name>
		<pose>Unspecified</pose>
		<truncated>1</truncated>
		<difficult>0</difficult>
		<bndbox>
			<xmin>57</xmin>
			<ymin>32</ymin>
			<xmax>346</xmax>
			<ymax>270</ymax>
		</bndbox>
	</object>
</annotation>
