<annotation>
	<folder>images</folder>
	<filename>R2-D2_22.jpg</filename>
	<path>D:\Python_projects\Detection\images\R2-D2_22.jpg</path>
	<source>
		<database>Unknown</database>
	</source>
	<size>
		<width>1059</width>
		<height>711</height>
		<depth>3</depth>
	</size>
	<segmented>0</segmented>
	<object>
		<name>r2d2</name>
		<pose>Unspecified</pose>
		<truncated>0</truncated>
		<difficult>0</difficult>
		<bndbox>
			<xmin>596</xmin>
			<ymin>276</ymin>
			<xmax>831</xmax>
			<ymax>639</ymax>
		</bndbox>
	</object>
</annotation>
