<annotation>
	<folder>images</folder>
	<filename>R2-D2_74.jpg</filename>
	<path>D:\Python_projects\Detection\images\R2-D2_74.jpg</path>
	<source>
		<database>Unknown</database>
	</source>
	<size>
		<width>450</width>
		<height>303</height>
		<depth>3</depth>
	</size>
	<segmented>0</segmented>
	<object>
		<name>r2d2</name>
		<pose>Unspecified</pose>
		<truncated>1</truncated>
		<difficult>0</difficult>
		<bndbox>
			<xmin>147</xmin>
			<ymin>141</ymin>
			<xmax>320</xmax>
			<ymax>303</ymax>
		</bndbox>
	</object>
</annotation>
