<annotation>
	<folder>images</folder>
	<filename>R2-D2_16.jpg</filename>
	<path>D:\Python_projects\Detection\images\R2-D2_16.jpg</path>
	<source>
		<database>Unknown</database>
	</source>
	<size>
		<width>750</width>
		<height>563</height>
		<depth>3</depth>
	</size>
	<segmented>0</segmented>
	<object>
		<name>r2d2</name>
		<pose>Unspecified</pose>
		<truncated>1</truncated>
		<difficult>0</difficult>
		<bndbox>
			<xmin>121</xmin>
			<ymin>339</ymin>
			<xmax>290</xmax>
			<ymax>563</ymax>
		</bndbox>
	</object>
</annotation>
