<annotation>
	<folder>images</folder>
	<filename>R2-D2_25.jpg</filename>
	<path>D:\Python_projects\Detection\images\R2-D2_25.jpg</path>
	<source>
		<database>Unknown</database>
	</source>
	<size>
		<width>179</width>
		<height>281</height>
		<depth>3</depth>
	</size>
	<segmented>0</segmented>
	<object>
		<name>r2d2</name>
		<pose>Unspecified</pose>
		<truncated>1</truncated>
		<difficult>0</difficult>
		<bndbox>
			<xmin>1</xmin>
			<ymin>4</ymin>
			<xmax>175</xmax>
			<ymax>278</ymax>
		</bndbox>
	</object>
</annotation>
