<annotation>
	<folder>images</folder>
	<filename>R2-D2_102.jpg</filename>
	<path>D:/Python_projects/Detection/images/R2-D2_102.jpg</path>
	<source>
		<database>Unknown</database>
	</source>
	<size>
		<width>600</width>
		<height>611</height>
		<depth>3</depth>
	</size>
	<segmented>0</segmented>
	<object>
		<name>r2-d2</name>
		<pose>Unspecified</pose>
		<truncated>0</truncated>
		<difficult>0</difficult>
		<bndbox>
			<xmin>9</xmin>
			<ymin>158</ymin>
			<xmax>292</xmax>
			<ymax>581</ymax>
		</bndbox>
	</object>
</annotation>
