<annotation>
	<folder>images</folder>
	<filename>R2-D2_7.jpg</filename>
	<path>D:\Python_projects\Detection\images\R2-D2_7.jpg</path>
	<source>
		<database>Unknown</database>
	</source>
	<size>
		<width>634</width>
		<height>977</height>
		<depth>3</depth>
	</size>
	<segmented>0</segmented>
	<object>
		<name>r2d2</name>
		<pose>Unspecified</pose>
		<truncated>0</truncated>
		<difficult>0</difficult>
		<bndbox>
			<xmin>30</xmin>
			<ymin>401</ymin>
			<xmax>419</xmax>
			<ymax>943</ymax>
		</bndbox>
	</object>
</annotation>
