<annotation>
	<folder>images</folder>
	<filename>R2-D2_79.jpg</filename>
	<path>D:\Python_projects\Detection\images\R2-D2_79.jpg</path>
	<source>
		<database>Unknown</database>
	</source>
	<size>
		<width>625</width>
		<height>350</height>
		<depth>3</depth>
	</size>
	<segmented>0</segmented>
	<object>
		<name>r2d2</name>
		<pose>Unspecified</pose>
		<truncated>1</truncated>
		<difficult>0</difficult>
		<bndbox>
			<xmin>13</xmin>
			<ymin>81</ymin>
			<xmax>244</xmax>
			<ymax>350</ymax>
		</bndbox>
	</object>
</annotation>
